Workbook

Sheet Casos de Prueba
A1: ID | B1: Módulo | C1: Nombre del caso de prueba | D1: Objetivo | E1: Precondiciones | F1: Pasos a seguir | G1: Datos de prueba | H1: Resultado esperado | I1: Resultado obtenido | J1: Estado | K1: Observaciones
A2: AUTH-01 | B2: Autenticación | C2: Registro exitoso de un usuario nuevo | D2: Verificar que un usuario nuevo pueda crear su cuenta y quede autenticado. | E2: El correo a registrar no existe en la tabla usuarios. MySQL de XAMPP encendido. | F2: 1. Abrir register.php. 2. Capturar nombre, correo, contraseña y confirmación. 3. Marcar la casilla de Términos de Servicio. 4. Clic en "Crear cuenta". | G2: Nombre: Ana Prueba Correo: ana.prueba@gmail.com Contraseña: viajera2026 (ambas) | H2: El sistema crea el usuario (vía sp_registrar_usuario), inicia sesión automáticamente y redirige a inicio.php.
A3: AUTH-02 | B3: Autenticación | C3: Registro con correo ya existente | D3: Verificar que no se permita duplicar cuentas con el mismo correo. | E3: Existe un usuario registrado con el correo de prueba. | F3: 1. Abrir register.php. 2. Capturar los datos usando un correo ya registrado. 3. Clic en "Crear cuenta". | G3: Correo: ana.prueba@gmail.com (ya registrado) | H3: El sistema muestra "El correo electrónico ya está registrado. Intenta iniciar sesión." y no crea otro usuario (el SP lanza EMAIL_DUPLICADO).
A4: AUTH-03 | B4: Autenticación | C4: Longitud mínima de contraseña (valor frontera 5/6) | D4: Verificar la frontera de 6 caracteres en la contraseña. | E4: Ninguna. | F4: 1. Abrir register.php. 2. Intentar registrar con contraseña de 5 caracteres. 3. Repetir con contraseña de 6 caracteres. | G4: Intento 1: abcde (5) Intento 2: abcdef (6) | H4: Con 5 caracteres muestra "La contraseña debe tener al menos 6 caracteres"; con 6 caracteres el registro procede.
A5: AUTH-04 | B5: Autenticación | C5: Contraseñas que no coinciden | D5: Verificar la comparación entre contraseña y su confirmación. | E5: Ninguna. | F5: 1. Abrir register.php. 2. Capturar contraseña y una confirmación distinta. 3. Clic en "Crear cuenta". | G5: Contraseña: viajera2026 Confirmación: viajera2027 | H5: El sistema muestra "Las contraseñas no coinciden" y no crea el usuario.
A6: AUTH-05 | B6: Autenticación | C6: Inicio de sesión exitoso | D6: Verificar el acceso con credenciales válidas. | E6: El usuario de prueba existe y conoce su contraseña. | F6: 1. Abrir login.php. 2. Capturar correo y contraseña correctos. 3. Clic en "Iniciar sesión". | G6: Correo: ana.prueba@gmail.com Contraseña: viajera2026 | H6: El sistema valida con password_verify, crea la sesión y redirige a inicio.php.
A7: AUTH-06 | B7: Autenticación | C7: Inicio de sesión con contraseña incorrecta | D7: Verificar el rechazo de credenciales inválidas sin revelar cuál campo falló. | E7: El usuario de prueba existe. | F7: 1. Abrir login.php. 2. Capturar el correo correcto y una contraseña errónea. 3. Clic en "Iniciar sesión". | G7: Correo: ana.prueba@gmail.com Contraseña: incorrecta123 | H7: El sistema muestra "Correo o contraseña incorrectos" y permanece en login.php sin crear sesión.
A8: AUTH-07 | B8: Autenticación | C8: Protección de rutas sin sesión | D8: Verificar que las páginas internas exijan sesión activa. | E8: No hay sesión iniciada (navegador en incógnito o tras cerrar sesión). | F8: 1. Escribir directamente en la barra de direcciones la URL de inicio.php. 2. Repetir con profile.php, mis_planes.php y crear_plan.php. | G8: URLs internas del proyecto sin haber iniciado sesión | H8: Todas las páginas redirigen a login.php sin mostrar contenido privado.
A9: AUTH-08 | B9: Autenticación | C9: Cierre de sesión | D9: Verificar que el logout destruya la sesión. | E9: Sesión iniciada. | F9: 1. Clic en el avatar del topbar. 2. Clic en "Cerrar sesión". 3. Intentar regresar con el botón Atrás y recargar inicio.php. | G9: N/A | H9: La sesión se destruye (inicio.php?logout=1) y cualquier intento de volver redirige a login.php.
A10: AUTH-09 | B10: Autenticación | C10: Recordar correo (cookie) | D10: Verificar la persistencia del correo con la casilla "Recordar". | E10: Ninguna. | F10: 1. Iniciar sesión marcando la casilla "Recordar correo". 2. Cerrar sesión. 3. Volver a abrir login.php. | G10: Correo: ana.prueba@gmail.com | H10: El campo de correo aparece pre-llenado con el correo recordado.
A11: PWD-01 | B11: Recuperación de contraseña | C11: Solicitud de recuperación con correo registrado | D11: Verificar el envío real del correo de restablecimiento. | E11: El correo existe en usuarios; mail_config.php configurado; salida a internet. | F11: 1. En login.php, clic en "¿Olvidaste tu contraseña?". 2. Capturar el correo registrado. 3. Clic en "Enviar enlace". 4. Revisar la bandeja de entrada. | G11: Correo: ana.prueba@gmail.com | H11: Se muestra el mensaje genérico de confirmación y llega un correo (PHPMailer/Gmail) con el logo y un enlace válido a reset-password.php.
A12: PWD-02 | B12: Recuperación de contraseña | C12: Solicitud con correo NO registrado (anti-enumeración) | D12: Verificar que no se pueda deducir si una cuenta existe. | E12: El correo de prueba no existe en la BD. | F12: 1. Abrir forgot-password.php. 2. Capturar un correo inexistente. 3. Clic en "Enviar enlace". | G12: Correo: noexiste.zz@gmail.com | H12: Se muestra EXACTAMENTE el mismo mensaje genérico que en PWD-01 y no se envía ningún correo.
A13: PWD-03 | B13: Recuperación de contraseña | C13: Restablecimiento con enlace válido | D13: Verificar el cambio de contraseña con un token vigente. | E13: Se ejecutó PWD-01 hace menos de 1 hora; el enlace no se ha usado. | F13: 1. Abrir el enlace del correo. 2. Capturar la nueva contraseña y su confirmación. 3. Clic en "Restablecer". 4. Iniciar sesión con la nueva contraseña. | G13: Nueva contraseña: nomada2026 | H13: La contraseña se actualiza, el token se marca como usado y el login funciona con la nueva contraseña.
... A66: REN-01 | B66: Compatibilidad, responsive y datos | C66: Tiempo de carga y skeletons en resultados | D66: Verificar la retroalimentación visual durante la carga. | E66: Red normal; caché del navegador vacía. | F66: 1. Buscar una ciudad. 2. Observar los skeletons mientras cargan fotos, clima y tarjetas. 3. Medir el tiempo hasta contenido completo (pestaña Network). | G66: Ciudad: Hermosillo | H66: Se muestran skeletons animados de inmediato y el contenido completo aparece en un tiempo razonable (referencia: < 5 s con red normal).

Sheet Métricas
A1: Métricas de ejecución — Casos de prueba Ruta Nómada
A3: Cómo llenar la hoja "Casos de Prueba":
A4: • Resultado obtenido (col. I): lo que realmente pasó al ejecutar el caso.
A5: • Estado (col. J): elegir de la lista → Pasó / Falló / Bloqueado / No ejecutado.
A6: • Observaciones (col. K): defectos encontrados, capturas, notas.
A7: Las celdas por llenar están sombreadas en amarillo claro. Estas métricas se calculan solas.
A9: Resumen global
A10: Total de casos | B10: =COUNTA('Casos de Prueba'!$A$2:$A$66)
A11: Ejecutados | B11: =COUNTIF('Casos de Prueba'!$J$2:$J$66,"Pasó")+COUNTIF('Casos de Prueba'!$J$2:$J$66,"Falló")
A12: Pasaron | B12: =COUNTIF('Casos de Prueba'!$J$2:$J$66,"Pasó")
A13: Fallaron | B13: =COUNTIF('Casos de Prueba'!$J$2:$J$66,"Falló")
A14: Bloqueados | B14: =COUNTIF('Casos de Prueba'!$J$2:$J$66,"Bloqueado")
A15: % de avance (ejecutados / total) | B15: =IF(B10=0,0,B11/B10)
A16: % de casos pasados (pasaron / ejecutados) | B16: =IF(B11=0,0,B12/B11)
A17: Densidad de defectos (fallados / ejecutados) | B17: =IF(B11=0,0,B13/B11)
A19: Cobertura por módulo | B19: Casos | C19: Ejecutados | D19: Pasaron | E19: Fallaron | F19: % pasados
A20: Autenticación | B20: =COUNTIF('Casos de Prueba'!$B$2:$B$66,$A20) | C20: =COUNTIFS('Casos de Prueba'!$B$2:$B$66,$A20,'Casos de Prueba'!$J$2:$J$66,"Pasó")+COUNTIFS('Casos de Prueba'!$B$2:$B$66,$A20,'Casos de Prueba'!$J$2:$J$66,"Falló") | D20: =COUNTIFS('Casos de Prueba'!$B$2:$B$66,$A20,'Casos de Prueba'!$J$2:$J$66,"Pasó") | E20: =COUNTIFS('Casos de Prueba'!$B$2:$B$66,$A20,'Casos de Prueba'!$J$2:$J$66,"Falló") | F20: =IF(C20=0,0,D20/C20)
A21: Recuperación de contraseña | B21: =COUNTIF('Casos de Prueba'!$B$2:$B$66,$A21) | C21: =COUNTIFS('Casos de Prueba'!$B$2:$B$66,$A21,'Casos de Prueba'!$J$2:$J$66,"Pasó")+COUNTIFS('Casos de Prueba'!$B$2:$B$66,$A21,'Casos de Prueba'!$J$2:$J$66,"Falló") | D21: =COUNTIFS('Casos de Prueba'!$B$2:$B$66,$A21,'Casos de Prueba'!$J$2:$J$66,"Pasó") | E21: =COUNTIFS('Casos de Prueba'!$B$2:$B$66,$A21,'Casos de Prueba'!$J$2:$J$66,"Falló") | F21: =IF(C21=0,0,D21/C21)
A22: Perfil (validación de campos) | B22: =COUNTIF('Casos de Prueba'!$B$2:$B$66,$A22) | C22: =COUNTIFS('Casos de Prueba'!$B$2:$B$66,$A22,'Casos de Prueba'!$J$2:$J$66,"Pasó")+COUNTIFS('Casos de Prueba'!$B$2:$B$66,$A22,'Casos de Prueba'!$J$2:$J$66,"Falló") | D22: =COUNTIFS('Casos de Prueba'!$B$2:$B$66,$A22,'Casos de Prueba'!$J$2:$J$66,"Pasó") | E22: =COUNTIFS('Casos de Prueba'!$B$2:$B$66,$A22,'Casos de Prueba'!$J$2:$J$66,"Falló") | F22: =IF(C22=0,0,D22/C22)
A23: Divisa global | B23: =COUNTIF('Casos de Prueba'!$B$2:$B$66,$A23) | C23: =COUNTIFS('Casos de Prueba'!$B$2:$B$66,$A23,'Casos de Prueba'!$J$2:$J$66,"Pasó")+COUNTIFS('Casos de Prueba'!$B$2:$B$66,$A23,'Casos de Prueba'!$J$2:$J$66,"Falló") | D23: =COUNTIFS('Casos de Prueba'!$B$2:$B$66,$A23,'Casos de Prueba'!$J$2:$J$66,"Pasó") | E23: =COUNTIFS('Casos de Prueba'!$B$2:$B$66,$A23,'Casos de Prueba'!$J$2:$J$66,"Falló") | F23: =IF(C23=0,0,D23/C23)
A24: Resultados de búsqueda | B24: =COUNTIF('Casos de Prueba'!$B$2:$B$66,$A24) | C24: =COUNTIFS('Casos de Prueba'!$B$2:$B$66,$A24,'Casos de Prueba'!$J$2:$J$66,"Pasó")+COUNTIFS('Casos de Prueba'!$B$2:$B$66,$A24,'Casos de Prueba'!$J$2:$J$66,"Falló") | D24: =COUNTIFS('Casos de Prueba'!$B$2:$B$66,$A24,'Casos de Prueba'!$J$2:$J$66,"Pasó") | E24: =COUNTIFS('Casos de Prueba'!$B$2:$B$66,$A24,'Casos de Prueba'!$J$2:$J$66,"Falló") | F24: =IF(C24=0,0,D24/C24)
A25: Topbar y navegación | B25: =COUNTIF('Casos de Prueba'!$B$2:$B$66,$A25) | C25: =COUNTIFS('Casos de Prueba'!$B$2:$B$66,$A25,'Casos de Prueba'!$J$2:$J$66,"Pasó")+COUNTIFS('Casos de Prueba'!$B$2:$B$66,$A25,'Casos de Prueba'!$J$2:$J$66,"Falló") | D25: =COUNTIFS('Casos de Prueba'!$B$2:$B$66,$A25,'Casos de Prueba'!$J$2:$J$66,"Pasó") | E25: =COUNTIFS('Casos de Prueba'!$B$2:$B$66,$A25,'Casos de Prueba'!$J$2:$J$66,"Falló") | F25: =IF(C25=0,0,D25/C25)
A26: Seguridad | B26: =COUNTIF('Casos de Prueba'!$B$2:$B$66,$A26) | C26: =COUNTIFS('Casos de Prueba'!$B$2:$B$66,$A26,'Casos de Prueba'!$J$2:$J$66,"Pasó")+COUNTIFS('Casos de Prueba'!$B$2:$B$66,$A26,'Casos de Prueba'!$J$2:$J$66,"Falló") | D26: =COUNTIFS('Casos de Prueba'!$B$2:$B$66,$A26,'Casos de Prueba'!$J$2:$J$66,"Pasó") | E26: =COUNTIFS('Casos de Prueba'!$B$2:$B$66,$A26,'Casos de Prueba'!$J$2:$J$66,"Falló") | F26: =IF(C26=0,0,D26/C26)
A27: Integración de APIs (manejo de fallos) | B27: =COUNTIF('Casos de Prueba'!$B$2:$B$66,$A27) | C27: =COUNTIFS('Casos de Prueba'!$B$2:$B$66,$A27,'Casos de Prueba'!$J$2:$J$66,"Pasó")+COUNTIFS('Casos de Prueba'!$B$2:$B$66,$A27,'Casos de Prueba'!$J$2:$J$66,"Falló") | D27: =COUNTIFS('Casos de Prueba'!$B$2:$B$66,$A27,'Casos de Prueba'!$J$2:$J$66,"Pasó") | E27: =COUNTIFS('Casos de Prueba'!$B$2:$B$66,$A27,'Casos de Prueba'!$J$2:$J$66,"Falló") | F27: =IF(C27=0,0,D27/C27)
A28: Compatibilidad, responsive y datos | B28: =COUNTIF('Casos de Prueba'!$B$2:$B$66,$A28) | C28: =COUNTIFS('Casos de Prueba'!$B$2:$B$66,$A28,'Casos de Prueba'!$J$2:$J$66,"Pasó")+COUNTIFS('Casos de Prueba'!$B$2:$B$66,$A28,'Casos de Prueba'!$J$2:$J$66,"Falló") | D28: =COUNTIFS('Casos de Prueba'!$B$2:$B$66,$A28,'Casos de Prueba'!$J$2:$J$66,"Pasó") | E28: =COUNTIFS('Casos de Prueba'!$B$2:$B$66,$A28,'Casos de Prueba'!$J$2:$J$66,"Falló") | F28: =IF(C28=0,0,D28/C28)
A29: TOTAL | B29: =SUM(B20:B28) | C29: =SUM(C20:C28) | D29: =SUM(D20:D28) | E29: =SUM(E20:E28) | F29: =IF(C29=0,0,D29/C29)
